{
    "Camera": {
        "Fov": 45.0,
        "openingFrame": 90,
        "openingStartPosition": [
            23.799999237060547,
            -160.6999969482422,
            0.0
        ],
        "openingStartRotate": [
            -1.5700000524520874,
            0.0,
            0.0
        ],
        "position": [
            23.799999237060547,
            -60.70000076293945,
            -130.0
        ],
        "rotate": [
            -0.550000011920929,
            0.0,
            0.0
        ],
        "scale": [
            1.0,
            1.0,
            1.0
        ]
    }
}
