{
    "Camera": {
        "Fov": 45.0,
        "position": [
            73.0,
            -35.900001525878906,
            -150.0
        ],
        "rotate": [
            -0.550000011920929,
            0.0,
            0.0
        ],
        "scale": [
            1.0,
            1.0,
            1.0
        ]
    }
}
