{
    "Player": {
        "clearAnimationT": 60,
        "kColliderSize_": [
            2.0,
            2.0
        ],
        "kFallingAcceleration_": -0.10000000149011612,
        "kInitialHp_": 3,
        "kInitialPosition_": [
            0.0,
            10.0,
            0.0
        ],
        "kJumpVelocity_": 1.5,
        "kKnockBackBossEnemy_": 4.0,
        "kMidairJumpVelocity_": 1.5,
        "kMoveVelocityMax_": 0.5,
        "moveAnimationMiddleScaleAdd": [
            0.20000000298023224,
            0.20000000298023224,
            0.20000000298023224
        ],
        "moveAnimationT": 10,
        "moveErrorAnimationT_": 20,
        "vibrationAnimationFillPostionAdd": [
            0.0,
            0.0,
            2.0
        ],
        "vibrationAnimationFillScale": [
            1.399999976158142,
            1.399999976158142,
            0.6000000238418579
        ],
        "vibrationAnimationHighPostionAdd": [
            0.0,
            0.0,
            -15.0
        ],
        "vibrationAnimationJumpScale": [
            0.6000000238418579,
            0.6000000238418579,
            1.399999976158142
        ],
        "vibrationAnimationT": 60
    }
}
